<?xml version="1.0" encoding="UTF-8"?>
<project-private xmlns="http://www.netbeans.org/ns/project-private/1">
    <data xmlns="http://www.netbeans.org/ns/make-project-private/1">
        <activeConfTypeElem>1</activeConfTypeElem>
        <activeConfIndexElem>0</activeConfIndexElem>
    </data>
    <editor-bookmarks xmlns="http://www.netbeans.org/ns/editor-bookmarks/2" lastBookmarkId="1">
        <file>
            <url>OTPRegister.h</url>
            <bookmark id="1">
                <name/>
                <line>14</line>
                <key/>
            </bookmark>
        </file>
    </editor-bookmarks>
    <open-files xmlns="http://www.netbeans.org/ns/projectui-open-files/2">
        <group>
            <file>file:/C:/Users/Vivian/Documents/School/BME506/NetBeansProjects/Lab5Proj/Patient.cpp</file>
            <file>file:/C:/Users/Vivian/Documents/School/BME506/NetBeansProjects/Lab5Proj/Lab5Main.cpp</file>
            <file>file:/C:/Users/Vivian/Documents/School/BME506/NetBeansProjects/Lab5Proj/OTPRegister.h</file>
            <file>file:/C:/Users/Vivian/Documents/School/BME506/NetBeansProjects/Lab5Proj/OTPRegister.cpp</file>
            <file>file:/C:/Users/Vivian/Documents/School/BME506/NetBeansProjects/Lab5Proj/Patient.h</file>
        </group>
    </open-files>
</project-private>
